"Day of year","Relative density","Weight deviation","Sensor 1","Sensor 2","Sensor 3","Sensor 4","Sensor 5","Sensor 6","Sensor 7","Feed"
5,0.991834793027009,1.07158448964119,155.263607520487,77.9491955591103,137.484818061973,50.58170709103,24.9700851482741,79.7413205776893,56.7803440156592,1.85883217225161
21,0.983692147242724,1.1,160.491381695032,0,127.484263549138,39.4254197264761,38.1434301825194,119.880221933159,0,1.60627164923219
23,0.992857660679774,1.07742149214214,130.29288876243,85.1722286327793,138.869388662172,37.7258908621381,20.9840588057909,77.3409462314211,31.1862842030476,1.81609111262974
24,0.993941437303812,1.04886474935689,163.793960540921,132.203430996632,166.561556788534,31.567988694676,11.7764055554878,64.1286398748712,56.2177158379944,2.9953886387822
25,0.995734683477912,1.063146578072,98.8662476779048,74.3018479293899,144.739429392515,71.8595123557328,20.7754935303594,90.9353374935743,35.4008972176071,1.95447856861974
27,0.998565391208975,1.0531756603201,107.438880788472,73.6058967877631,139.457928454534,65.8495823141677,17.1352227347548,NA,NA,1.40360526083357
38,0.998139451458814,1.05938874086649,83.8497157590894,112.405356072515,167.708236120022,93.2763039956685,14.9886794362829,68.3149975327157,21.8777836675592,3.05107425282204
38,0.988416470878419,1.06902337472956,106.622097870474,89.3235566538355,137.825924639875,77.4856468044512,18.0705722725354,92.9519998879105,27.2137748430063,3.14333482025484
40,1.00087762326993,1.0563858644777,79.9639335321571,45.9786405816431,130.994945477083,97.9343228333054,23.9378013360656,114.821533881534,28.0243720092681,2.03685455343695
45,0.991120623373807,1.06211852599951,88.1326611714982,81.6874067202544,144.952420141939,73.0374403863019,18.0273173226502,81.6033349235531,43.4507319588949,3.48684400379765
46,1.0034900229708,1.06201734668377,79.9239489491088,53.3872163644549,115.238035612721,94.3632928548331,27.1071715343858,80.7553506656835,53.0506107789129,2.26395735138294
47,0.994350562025968,1.05907325276521,120.618319942435,49.4731541691933,124.471455189111,44.4754570288944,25.9333790606315,NA,41.4786318049147,2.39614520122413
48,1.01433619305408,1.04483578902725,67.8061792249413,80.3153617049385,117.751484186927,114.008911208647,19.4711459083107,70.4105528997125,92.4180147228294,2.00613587618978
53,0.997720483917068,1.03978939807898,94.9956396343801,60.5021584477284,138.876490340468,59.5321566295691,19.9499243167476,97.4011009016554,70.6753569644684,1.96889220207156
57,1.01477046131003,1.02718096177867,98.7372985335515,107.922486236815,133.494109275984,61.5024583990062,12.5958795697852,70.398083436292,66.6391931783823,1.51464949008922
57,1.00947864114877,1.04468303421013,101.035614718503,122.538349807366,136.73393636394,78.8919869614255,14.0024272164444,40.4799021961218,68.4998251012911,2.58142744521878
58,1.02888474667184,1.03608602725097,94.1056092265695,107.286318000073,135.572035597408,78.4155430432737,14.3794786159842,60.2046511268812,52.4603390416795,2.28717216555996
60,1.01814452613307,1.02900780402861,99.3838786951727,99.0124757396281,141.638517705591,87.7149178608039,12.9008528677655,71.9159732413617,57.0636176149778,2.65318858310402
61,1.02425464650924,1.02996450704729,121.592475361059,79.531005208903,123.679372017275,69.3611327375513,20.6447471287933,69.8569615928861,NA,1.88109743356316
61,1.00819307873626,1.04236873510404,149.033332837071,67.6200948894766,143.660404538853,37.2144301969648,19.0621723392218,97.8402169063933,27.9039120038341,2.02649907711662
62,1.01343338195007,1.04991619384706,113.438898427659,80.2253454623742,132.511042452741,65.1078569619359,24.4608220734328,71.1571262139792,33.3495274433269,2.06779693313959
62,0.977500590745041,1.05410395869339,124.302411747464,46.1495697629904,125.207217829887,74.4676889014142,33.078952454787,104.139326105211,37.0552658811728,4.28535414077258
63,1.00715666133974,1.04677255698518,96.096349577368,95.0493762006049,140.459040429458,97.1740390006035,15.2846386991483,78.7493298071885,46.050158959123,2.99990083190151
64,1.00129537883841,1.02947428676887,82.362189222129,100.858579772728,140.391958772314,77.3205764373272,17.0872199022023,75.3134227775235,46.4727217335743,2.741196631743
66,1.00579770008943,1.03795935779514,124.914051671737,35.5944025237415,110.508773475381,41.7154159694606,30.268656071992,103.506672487464,NA,1.60471695508226
68,1.00239224647185,1.03566335285493,86.3630657551221,122.019874695237,159.997039108953,76.2170178057641,11.2140293574443,65.0035353413763,41.5928423647401,3.04023205311268
68,1.01372416184512,1.04653192582972,126.679932504845,19.4258859655867,108.470711423862,45.1114632650737,26.5578999412594,119.22029483348,52.0767700316939,1.6833948014624
68,0.97326042770594,1.04629330018888,155.636424014518,92.8059918121758,127.258604134966,32.3512481418585,23.6809405150567,79.2885378293885,NA,3.50768842387888
69,1.00700351285885,1.02824777389255,117.534826840206,109.9446874445,152.182104508661,74.9102853413555,9.84822460764758,NA,61.4842867094379,2.66209945913489
71,1.00434575945849,1.04066458233988,55.9742080230092,52.5953680438575,106.517217992597,84.3538978674209,24.9348066778036,92.3591905647868,71.3819129225979,2.22691215569455
71,1.01465951085118,1.02633387163452,85.205530730885,94.4367106430111,120.576711678053,81.1316852980372,17.6338205445027,NA,69.403231329884,1.87914815246541
73,1.01156331482235,1.0285299287054,98.2623326508713,94.3317791416514,118.721759463004,91.8826082216947,19.664431827206,58.9855813890272,94.6746183147589,2.4237521282957
75,0.968292473439162,1.04878389241796,105.768803278678,74.7838934970474,135.146706670096,68.8036479121516,28.3857742423312,97.499125794901,45.654697875029,7.40332193617341
76,1.00245383017075,1.05091297290893,168.194522672304,59.8139889999465,121.381889615868,54.724812346921,27.1102821307291,85.1649855243973,47.0909640496608,4.75021248203755
78,1.00926112034053,1.03462675151773,91.2062128729304,93.2579951414063,111.885402100404,66.1693955869978,23.8611193079282,56.6638745487066,94.4011931010082,2.15739025334452
81,1.01681231946983,1.04283133445409,118.071062024944,47.4156023094304,112.999208295149,75.6136063999359,26.8548921753944,98.0231344536426,41.7441527048151,4.14736219021952
81,0.978129002133817,1.03765843326484,150.124581952807,106.500004200959,129.447456235247,45.7271060598139,18.8106312125877,72.5135618649883,72.4092881824028,4.51866605979167
82,0.998191487207803,1.02989962741348,148.803762055979,72.5007606013026,125.941922713167,61.782423162227,22.7955543735088,81.0818782561733,65.7652275498216,3.91835178279313
82,0.976719276905172,1.0559419372661,80.9371495961084,56.3993765328231,129.269986955084,75.6796056495022,33.8383116782838,85.0932988032448,19.7695201894544,4.72891059009473
85,1.00477966314255,1.03436775525348,100.472483125627,93.2544066219558,141.658125959365,57.214530516062,17.7441580093704,74.1932902197721,57.2835080738445,2.32846133806821
85,0.99381888365221,1.04240885383648,166.970576466768,86.955084365088,141.376109266599,34.7691082802521,14.2493074675692,NA,49.6600844406084,2.71154729574992
86,0.99164538661539,1.03859981585082,159.188524639847,111.034897486951,138.482774723366,44.2937710824042,15.9255911445009,69.4467576942832,36.8514779909996,4.69257591825805
89,1.02454059373963,1.01618923632275,103.484769414273,102.729454104999,112.340301638243,78.4180515253513,18.5808529461761,56.5116504810986,95.9020062831453,3.04311471013491
90,1.03447445522596,1.00031248182011,111.930900568465,83.4153235337732,121.536738118851,76.0996338746913,17.7199922043842,NA,84.492180081598,1.68613863715484
91,1.00311635628494,1.03742206140838,142.632102041489,65.3629044837601,116.549167905539,41.0389510325996,22.391167560112,102.929705626674,50.4411727744954,2.32503262874713
91,1.00973504354091,1.01857090335094,44.7593745221016,112.302773113038,122.592918756618,122.185049182781,21.2113763840428,51.5589036083171,85.3225413811959,2.90844799256483
94,1.03161341665526,1.00526499549832,106.521117548302,80.408418222067,111.776969363511,63.1475012331454,16.5161048228138,82.7385520867656,90.0430059209853,1.57722158351373
96,0.998304236575062,1.02404502949375,132.445508468161,119.087038238922,143.353954550703,43.2106098186146,12.8259238115414,70.133716503347,66.1582488301523,5.31340544792389
96,1.02044080855568,0.996696608272015,49.4597434802175,151.051503362846,136.600632521274,115.513384404906,6.85465700277663,43.1746619304714,105.103429457585,4.13629907778986
97,1.00289152357361,1.02536235230951,160.268180958788,95.112944354109,145.540676313474,53.8846788615173,14.8955346985049,71.8356258039365,54.0185585630485,4.54637675499973
97,1.0041958721821,1.01218621009763,132.360104974141,118.070604888822,133.510512762826,56.0339318029737,11.0446504847786,74.7485820655944,84.1709916337497,4.06837592356586
97,0.998010401674008,1.030118505934,103.335185077752,77.8350096492178,131.916252907523,64.595157095181,20.4527726911241,85.0358949031388,38.2944815557203,4.98543594679013
98,1.00698837216538,1.02230804978023,144.212038653824,115.086381371842,158.135095572818,43.197928333661,4.92156503889112,81.0776432265427,42.6293211149344,4.71233735167801
100,1.00923348615477,1.00927119432434,109.897640366452,135.626079968103,151.095915608629,81.7436249024477,5.37228394321168,59.2268865690714,83.0682356365836,3.36971918631275
101,0.994082503656281,1.03033978563831,115.367708835544,71.6303838652536,103.917160526318,52.25462986088,29.1295882839052,73.6927709173392,83.6662169455152,4.74450177040215
103,0.995662722162996,1.02775916541466,89.5157513288352,84.7070972876156,121.487262717688,93.6913687177532,20.9520172115521,NA,70.7381651020083,4.15772966312621
104,1.0172445225348,1.02785036883176,143.678531868496,61.6988193696557,108.306741168915,54.9643402989481,24.4651579717099,71.3902945738084,73.5764186742238,2.4371722737815
105,1.01608410086674,1.00097587166902,109.681887222652,89.1704176110069,94.9481182984245,88.9880485802632,24.7974891900014,65.4610474240446,107.840371764324,5.25311612157892
106,0.996333620905878,1.03157275422008,120.605013953378,54.7488700830717,95.8000336494763,85.5576561132404,28.943073473572,93.4766213581913,NA,5.45415766436264
110,1.00882489320174,0.996593909350946,63.2897718368735,56.3481746159856,108.253270186157,124.930236109513,18.2599150932732,112.432689469053,95.1613585341085,2.24840753119923
110,1.03314942956585,0.99594469144395,54.0949973894839,118.471729940729,135.186147094484,85.9979904887466,11.7203076240027,58.9649204327789,88.9899477964288,1.94709800445636
112,0.989688471472901,1.03141944891696,95.4852875845561,46.9629561167724,94.1849760847244,66.6313320849097,36.8039603935872,80.7744057681414,70.695698750508,6.30493812593334
113,1.00123508352714,1.03010360874034,117.842521192345,33.9170298113523,92.1688607640745,71.2347928912166,35.3771839862763,98.1978587592822,71.1668379780614,4.79820380166473
114,0.992765018958889,1.0278990602745,148.487164766716,124.192326563943,125.576148504253,47.0215912173583,16.1766632412819,51.8792145926439,64.3455781193052,3.8860158005281
114,1.0044198251211,1.03599328528233,102.158281486491,97.1987428940921,103.861228671685,63.0683521990688,26.7140467886385,46.2923104976927,53.9877473057907,4.681535079389
115,0.977774061126991,1.0338243707353,158.199301699384,38.8476300348937,90.8759326779491,32.4321452667558,34.9423818552956,98.2826119984204,57.5648987414693,6.27245558910047
115,1.05,0.982443428839538,138.805116204234,96.1515991898041,118.311955043112,73.770259291378,10.9918758189144,64.6731771173076,92.4418507387072,1.19581140928292
115,0.974583382964379,1.02374500751084,100.077880761134,26.0061833416792,87.1000304239193,94.9336334918092,31.4833667718284,114.434115571413,95.6510292730586,5.98367823921113
116,1.0137454059058,1.02640976849305,25.7516804912595,64.9677867828716,92.2197027572335,110.281222213437,26.7312993710296,64.1616398070751,NA,4.65735114591427
116,0.999442916389348,1.02300184053344,105.290719203699,53.2334928107407,98.300296324612,61.1404360878438,22.4842033034218,97.3192116127928,53.614524805327,3.82246494176391
116,0.987194701364134,1.04367377610321,129.467746999856,126.270726441627,139.635971264777,39.6493954529607,17.5374387546297,43.2458198614767,35.114181975127,7.82982874146296
116,0.976106274917569,1.03158413787586,97.5777148219022,47.4149654355564,108.1599276844,67.3347301076271,33.6191377835281,NA,67.9769930400047,6.8783940983775
117,1.01817377316135,0.996502197061409,83.875615478765,76.3175002642803,98.5958041682098,70.6380217425055,17.6956807706316,77.9965073911378,NA,2.86773874282078
117,1.01017672882013,1.01035524836724,85.1920637105651,97.9004233395135,118.710246244835,95.460458117737,22.6218734322489,55.826952158686,86.405636020147,6.43080713843574
118,0.979254854851516,1.03314933524168,86.914187147881,29.0903665211475,102.2555150343,102.6791651753,31.8163149668809,106.980168515283,71.9880511722929,4.53013856173692
118,0.997499260868966,1.01575614425417,81.3970428764595,72.7263622801843,101.687011473701,97.478722388401,22.327677912376,83.225095297127,90.9505011516289,3.55916786146665
119,1.02319162218056,0.995128200463395,112.394156367872,66.3563582621707,98.0493611224896,46.7758172965703,22.9407391894229,NA,NA,2.45403465256913
119,1.01895835068342,1.00164729952796,46.830704838576,67.0175362887307,100.94228736885,109.869027872645,25.2836226535739,71.4997731769672,88.0333467513898,3.77110308444967
121,1.01428040931515,1.01277438139883,84.8938101066979,94.4888874080969,110.462566218566,70.7485557490002,23.0663655141365,60.6806008021536,71.4422327358299,5.96904527701662
123,1.00989444930067,1.03506740946891,140.684869027749,61.9196701244734,82.1175815927393,59.9345419476272,35.9140819435877,51.2349158653295,71.0116213474645,4.33611275133753
123,1.00108199802308,1.00063717241735,93.6226039108772,139.384919272689,147.487588638999,88.2583709463081,11.1503549105747,55.173091987939,82.9589633834944,7.11677470655389
123,1.01526588251522,1.00327323138412,103.213750933947,117.686622617048,126.3275396017,87.9217314773587,13.7646930706022,51.8510418263886,69.7375433341822,4.84538679564823
124,1.01268249042238,1.00590590945562,52.708672784679,113.389888751471,102.17514810437,109.409036600684,22.7890892607948,41.2541704924325,NA,4.01632101857214
125,0.992173415263051,1.02319828520306,129.80257357413,60.6865756643291,93.9489710323876,53.7710954623213,28.4234619212571,74.7261748842562,91.3103553522913,5.08462986251346
125,1.0032746615623,1.02742071984887,113.190438041255,35.4483746104591,73.0361370573284,87.3118039521758,36.6470065463618,83.1327633230377,73.4742776438671,7.24996294295266
126,0.982805905887701,1.02359587211635,129.615881551817,61.2354888419791,102.101314012848,54.0337121855598,28.0424954337678,86.2883778865256,86.8840774001802,7.01478918883049
127,1.03106422528752,1.0029547034535,123.831321248795,111.438551476868,116.552751328729,71.4845608128191,16.3298472215002,NA,91.4828081083888,2.96995094379594
127,1.00045219019222,1.02169068198908,151.395883755996,112.94470009619,122.518177778056,48.0207386112143,18.6905247036834,49.1003238937686,NA,4.63019834997052
128,1.01885716626856,1.02655519546032,131.022562857303,77.4330481418755,85.4008952585295,62.4302841330503,33.1397747021554,47.9282383026763,62.3701604677822,5.49527869767389
128,1.00480985670654,1.02550647485316,98.1256030829221,111.002566689788,117.286291364911,66.7607162752252,21.3659684769546,40.9387387988697,58.2332516158394,7.05362434661869
128,0.983936623861747,1.02802340593692,138.055991181219,28.1209217918233,95.4434005970243,62.6615497024884,33.4156945475723,NA,58.8620392356703,5.15499851128432
128,1.01554679679371,0.997563178344189,122.649790387199,77.3322326901013,109.33100234923,71.951346783173,18.1890016875643,81.1336086243928,106.776439203508,3.53308972486605
128,0.999188971644608,1.02425234287658,97.8165231896219,115.327440096772,136.113382178869,83.5085411486452,15.3757580733022,59.2193190683906,29.8208389831998,6.06518002240641
130,0.973764963441708,1.04959862766191,160.736101498559,79.1747652449246,119.702238628246,36.306202414652,28.9111988978105,67.1403606620797,36.8618747810997,12.7674266578836
130,0.995490470066056,1.00108192119787,45.790490812254,121.639990681565,138.333860871333,109.395203464703,9.11450017747363,71.3295956237426,84.852285542208,3.70169373466566
131,0.989601501115177,1.02680910439184,126.63370453348,92.8481371196021,114.818240132751,75.4523119820986,19.7569161407734,72.4129690228377,55.906063200929,6.79900460561391
131,0.996735998233186,1.00792528638293,37.5929779977521,62.6731629364358,89.4940150904732,123.158572923691,28.2999834330346,75.5429645685126,110.087567996202,4.25207848353198
132,1.02016062080214,0.99645919871918,93.0793584855932,89.1873331156365,121.061927000623,98.766180975,10.7122024716203,80.0616689346551,102.163912657355,3.31160974424961
132,1.00220893679094,1.01562960482312,105.511110347991,81.7969713395199,116.294047905508,100.515932806636,19.5898995716501,75.8145825818289,78.0304616412021,3.57030246588629
133,0.987439971056998,1.00364249089984,102.13490238029,100.677494781302,105.1860661369,64.5495987270828,19.2856693909108,66.7430153549183,110.886804516985,6.44881741843009
133,0.96642542414492,1.02643299333972,113.220344517176,115.82989656997,133.783005252762,100.963159210501,13.085028502747,79.2151740397252,49.1277033738077,12.6465208581684
133,0.997224357907006,0.998636281599027,103.249169645739,88.6454114045315,82.9044775082113,91.177114192854,22.5088912014034,71.8585384287773,120.571095075299,5.27187981796336
135,1.01413565241401,1.01359524016583,117.953719066042,77.4828044126273,96.9749699624026,74.5322246309786,24.6007267006678,61.3530143321869,77.1918233138434,3.40289763305064
138,1.00232870370953,1.01725449241125,101.939868556321,88.3623078516233,118.299057271124,73.3289948593334,22.5866940107719,66.8524943706094,55.7167162999645,5.40765461092247
139,1.01322744906438,0.989767999463547,84.8484542158344,91.8850295808488,83.5891657176338,97.7413194272839,21.5279891982594,54.7179481227288,128.999424888517,4.39017278854249
139,0.982487032307848,1.02062672145222,92.1961456689646,103.678377089327,109.535177514013,89.4025865776347,22.9466490710014,59.9456662749423,76.026493383131,10.8797827360747
141,0.99017411265953,1.02477687225174,83.4866524643138,85.4508630028401,120.33654534271,86.3801282892304,28.0511310916007,60.115368123016,45.5451657309557,13.0920325699134
142,1.01287324654573,1.00420078612564,82.6413121429293,95.0061017698863,85.8859395878959,80.9667192880003,24.0310637680985,44.5449737768774,112.222406506147,5.15382359747173
143,0.980698099325893,1.01708247164558,91.7962910031325,74.3231976578699,98.3355143885114,84.8748276505939,23.9647796538967,78.4277897746468,88.6216857151802,9.30472407808056
144,1.02081460114155,0.998785183793769,134.080497644604,71.6916536628366,62.7924459924984,49.0606404755243,31.6938490043191,57.0754528769322,119.919060788828,3.9357581304742
144,0.999374357470192,0.997093540060104,47.7434206865823,86.3674099166028,94.8436855887514,112.056315907783,22.7255234517246,71.8582980317458,110.435658312076,5.06635873975198
145,0.99614883539591,1.01391966853396,114.598744228008,105.214280497068,109.558852900066,62.386228684385,20.4313999728276,55.9872032007313,70.4459328379795,10.5710173901513
145,1.00010620000039,0.998329421685084,113.158716723554,72.3675758155465,94.7593307326333,72.5816740962961,23.0557011761864,72.4718121948002,101.873794313802,3.65871464307998
146,0.997589750800933,1.02220064876996,122.534264319106,68.9115517012869,97.201905485615,70.3249423674641,25.7293453424099,74.4321899039025,71.5849722520974,4.03608081753333
147,0.982706918497062,1.0131380850754,124.390523160896,85.832291160813,90.2867517931606,52.7259294605496,30.1693283676894,NA,73.0105817889616,9.4386560602986
147,0.979475903754205,1.0142136027849,102.973994410727,74.439701178747,101.087121961951,75.1271157332888,23.32813761796,89.9476530822134,85.3241463409276,7.57301540945837
147,1.02337308644712,0.994559792767725,101.145359432716,115.543970954232,97.5727476240781,83.1112910633556,18.3001658371051,37.3737060315127,106.812428270586,4.45585994205489
147,1.00373905973617,1.00429252288358,80.9156652026951,143.322439084314,123.180387883023,80.8689965794113,13.9906152648562,21.61766856265,92.6585363767328,7.19492234188814
147,1.01287635812753,1.00815318980381,101.766032885829,146.780114817823,129.053914765547,74.2834808942876,13.7031384759173,25.254765387779,71.3275270842809,6.03646768297342
147,0.981206735613448,0.994748085619299,82.1540067484124,40.1321899442077,81.8025271877754,91.9825435464973,28.1990103448411,NA,106.884090884198,6.62530509219854
148,0.977618181253292,1.02867907458727,94.3242090614743,68.2066628647876,80.3602407330743,59.7406942024376,29.2802541425529,74.5994022496064,63.3898840540258,10.443720834595
148,0.981658273070696,1.00372458982195,86.8979309973584,112.135174933006,118.908031337637,84.3692061369884,16.7808144534907,62.6780418039426,88.9157361994709,6.80860849954105
148,1.01250492585869,0.992506158798679,88.2251275253825,82.0240773923452,123.612984875105,92.6478600445023,14.1148061949876,87.5557786271581,95.9281802359475,4.39315956781415
149,1.03057446309955,0.97296614999411,89.2306974005107,131.711122062791,105.385210109964,88.6614898506601,7.11048309280711,47.2486986260714,139.667116122774,4.80711299799715
150,1.0125274183688,1.00423581698848,104.565304990678,115.621083746578,103.758718109513,74.1808043282261,15.7580376515038,54.994603474507,74.1135288556186,4.77971222821022
151,0.998300842588344,1.0116709086482,146.883638337514,90.264432225212,121.373145060359,59.9708525385313,22.0031027028267,77.5328598530493,63.9748937313431,6.39611188883074
151,1.01301439389757,1.01005861887334,71.5151540815556,124.665235700956,117.492026408211,105.208517924377,16.3308821711779,31.6991147930173,75.201649999206,7.6562265895024
153,0.97798246978135,1.01553379380618,123.514994405771,53.5032394219269,95.7174466031965,74.078918437306,26.1274743528263,101.217585722436,81.3927922654505,7.1465420370677
153,0.981430814348302,1.00989845070486,78.8481844577204,92.1282097937965,104.613654921146,110.943496602197,25.6160817615671,61.0513358724555,89.7380487323399,9.1543616651541
153,1.00874078548608,1.00450981825158,110.540050675402,109.949251242933,102.556041966102,86.2329165291668,19.7309250299616,41.5875445363951,81.350347066068,5.58547656215617
154,0.984122845232808,0.994263788002491,102.00410528831,129.889117818817,148.717107128355,81.6971777327139,10.8336397466391,63.4402916633497,NA,10.085697745204
154,1.0004234178844,1.00271453218785,48.1505352636204,46.6583832310675,92.3595383293612,109.563542795826,28.7795456267577,92.5497847476628,86.6551587856267,8.29207279350656
154,0.99991769677946,1.01632460567085,74.5785768153595,83.1495497198783,115.061534631677,81.0982843531836,21.8962477516606,73.4801155142473,60.5815729327177,6.4513213962227
159,0.960956903956501,1.03912407996848,111.427429154991,74.5897978456195,102.388224125495,92.3372623730681,32.8025778842806,NA,46.0985567660526,9.0433308275801
159,0.974980807924217,1.00582092697975,113.711142713043,76.6800648642566,91.987952718328,71.5760909502987,30.2719599148927,71.5485546325982,105.028859863256,11.5150956644474
159,0.986598736172558,1.01111615053687,85.9927135042229,60.4261292472171,61.1421829684535,80.2928656133677,38.8602971239983,55.9904543554042,115.164183569764,10.7761520805286
159,1.00264185630216,1.00664377872974,91.2369558053164,100.431852521125,102.624981597421,90.7764123314159,23.2230461263418,NA,87.4916345924146,7.53199993498456
160,1.0084709400463,0.991956263976785,7.77879451591955,49.4882816130102,63.6350491574746,136.552466218848,29.9843954616529,88.2635983852119,NA,3.67914423307169
160,0.983651466353946,1.01250508222952,134.906414330854,126.157744767295,141.059121504938,75.5899274106476,18.0036550026473,51.8760127746785,25.2727488520751,8.39989296723785
161,1.01249273236619,0.987679784587794,80.2215441303564,95.5883683975473,104.112811038838,101.459472183196,23.0933070637583,47.047066064341,101.170404676641,6.73563120839807
162,0.995780153609875,0.99804273547794,95.7537383665035,78.272608468438,97.1367710997401,100.676004592444,24.0349257822208,69.8331932353654,83.3705776232241,7.96844203551062
163,1.00504732604033,0.966479339850992,127.691337255776,107.971284162954,101.680124485405,43.86816435733,13.529875694305,66.8252669491846,122.358346519832,6.17167649142712
164,0.992444361419719,0.99250270733591,113.092017932913,109.730458550912,100.045234341328,61.1630397609428,19.1999273742218,49.9376555634698,98.3598014684042,6.65927894247318
164,1.00063046976557,1.00087309755686,128.880715411461,131.577684611626,103.314310102979,61.8013355060375,24.4025114732434,18.4443667984202,93.7321761753695,12.0810679408096
165,1.00450217665488,0.994881196904148,139.847097605884,56.2321691184879,80.2741148628922,54.5319360612173,28.2341481289863,84.9635340492319,106.828688165355,5.81523154841729
167,0.993677278209751,1.00546271330708,72.2941532743539,78.9489772177417,75.9267692447546,111.356132428808,31.1516056414748,48.0722767232013,104.753024331507,15.8866246704754
167,0.9862955777188,1.00250044658901,107.838133280776,140.389577758734,130.654457368994,70.0917740492144,13.8783433442439,42.1154945531673,72.7641710713025,15.8312864556628
169,1.00097271154503,0.982912684509308,94.0334846089772,24.9893543313147,59.0161411092231,70.9493326448322,31.7507842594825,102.419027920841,141.907702158162,4.69442159511723
169,0.979655806079908,1.00721939063222,73.9297782373771,69.4076848446097,82.5443035937948,101.2434532434,25.2492010953415,83.0366050955895,106.512332909213,7.5671560912619
169,0.999243517197197,0.994177465666119,130.523509355872,70.9064854995713,89.916350490713,55.6751814050328,24.2017050423079,76.3845486201294,97.9204627187538,6.25751935021933
170,0.987569183796927,1.00535260736295,132.260997669722,101.73456606082,95.7340189004144,59.2053092104627,24.094147357826,58.6798828234858,89.1929248288029,11.111401377417
171,0.979737155889595,1.01033096226062,100.08244991888,57.4444097490017,75.9906368088154,82.8882654966048,32.863184994636,70.7227025503241,97.8848140094983,10.3845727638083
171,1.00130990926495,0.985909370862235,130.317891312129,92.1043016043762,74.8882711926337,56.5900425496834,27.147313103393,NA,116.896941346009,8.6091330838336
172,0.983081990511411,1.01229813868089,104.068079247351,93.3962262881853,111.850819592605,73.3208418346644,26.5633981030879,59.7258069919163,41.2593159773371,22.8814246706725
173,1.00276830298367,0.985017202283958,54.8816473000409,119.259060261018,95.0434290180797,113.351888148628,15.5877473796721,44.0556085393889,105.263323280069,9.85522805077863
173,0.996693866559539,1.00867305208954,99.2049884316503,70.8759007529918,93.0965857452689,80.1410167244145,25.4096096638569,NA,70.0392393178972,9.53490160127078
174,0.994269959890804,0.998595798498251,121.092249646393,85.445155831948,90.1852153453278,47.0517353016884,26.9112852637478,66.3023778173556,80.8204762174096,15.8989257007141
174,0.977285463201651,0.997314711621714,130.133429565429,136.353742222021,149.038753808465,50.1412061115538,8.83187690576758,64.0162196597056,54.7526051387238,15.3050315452589
175,0.984873489737749,0.989318869202426,127.543307230837,93.7297420918091,82.7429029567119,44.0766709140445,25.5799122029486,54.9080932394456,123.841558182527,11.6007539157481
175,1.00161739879402,0.993946076035051,176.509534509129,69.2287551909263,79.2943784416383,22.861272773646,30.400966867516,60.194019718213,103.253951809463,11.7232705121631
175,0.998077953701492,1.0105659768475,80.8233899798976,107.728913881735,101.677752242568,100.436796533789,20.9119197871505,40.4140684252233,NA,10.3876557773781
175,0.984937465636502,1.00407455566306,82.8944290576503,141.735058016019,127.979576262064,87.5097634881864,19.1818830633898,26.1639378849524,72.2050559454938,16.9849483328154
176,1.00512902152754,0.975670571024955,95.6745850023066,73.7449111294541,91.9184045936311,72.1856790922339,24.436729333111,74.6004587871715,115.409235930963,6.82438175537057
176,0.998656198807666,1.00392062065411,72.9310452678458,90.7851831332132,80.0369125371339,86.5198870007694,29.1108960888496,48.9626660018146,101.802575093263,10.9473614262911
177,0.997863347563315,0.990244366346763,102.669977605858,58.1143811228032,81.9107656187923,82.8050826155743,23.5688508544257,86.6902840751677,111.633385117764,7.82360300692777
177,0.985778656812295,1.00264642281531,123.113624851428,149.661956176899,105.932217693392,56.4180909774192,14.4398111216952,37.7608329935635,83.4429194048774,20.6905426696229
178,0.988635344499853,0.989783116565233,81.8199936381682,88.1088613124818,90.1236491745287,92.031742514095,23.0656231469892,NA,98.1731708187679,16.2001259202032
179,0.966100234510058,1.01666816935653,39.1725219404775,59.3389749478811,78.2506037840052,124.146233954811,33.7233716933392,87.6812630807755,76.7801817392818,22.2051850407906
179,0.992587499807184,1.00865062417977,166.649115545496,82.1048044769404,97.2958756301839,40.8701670038853,21.5241325140749,NA,69.336306059481,10.3845545679388
180,0.965546510090794,1.01656269351113,123.316828548788,109.131708546911,104.175186233379,69.3024083861261,22.8073370228085,51.226427700538,85.6354909099335,18.8978267476144
180,1.01768647146516,0.984085629977924,147.040305988296,95.7049911958068,76.6080876794347,35.4813272315555,28.8939120973163,39.2680203981957,113.325624744377,7.64198863931072
180,0.998829483958809,0.999556042389745,104.407369660212,124.293952335261,116.00182519011,68.022124233997,16.132870668278,46.1949235641383,61.7599910468782,7.40534776932421
180,0.978233574026301,0.996524975915927,120.136036837157,119.218433121316,123.719583482474,71.5684517173683,19.2660269336886,59.914543096169,65.1561605780162,18.0739942993527
181,0.96508765002972,1.00246196025609,146.114997532541,110.969762696047,98.439620805821,29.0358451364047,28.3545356198924,48.240037964865,94.8771192413516,26.8614139119558
183,0.989382195439215,0.998120268598497,138.665449772124,96.2649555986284,99.9800109274509,44.4583790444483,22.9064025742784,NA,92.9589076940943,10.1669803554156
184,1.0072438896709,0.972890044084193,100.567877010917,103.078662113524,103.074514316681,74.7616867126604,18.7584367108308,72.481569717802,98.8615485197049,8.22707646006351
184,1.00131572053509,0.994457670327423,145.187814993572,87.356878422044,81.0313384197633,57.6143459900416,25.250125403085,63.6124363465616,90.0777683902475,9.58105297666473
185,1.01170504526498,0.966693187708087,71.9830315763693,80.0931127272055,78.879335552243,97.6328036729942,22.1215976071389,57.738698217952,140.155347841673,6.44058484923215
186,1.00590770745046,0.971530586552168,63.7458358040967,107.815203250053,87.548089609118,100.697527584529,20.1848452289693,49.1813894699363,133.064083011687,10.280098965168
186,0.984143559495457,0.97636815576088,110.792274664581,140.735106799079,115.882276611323,46.1702105725286,15.6792712039163,39.1964430066133,114.031008674479,10.7597750081835
187,0.987541443590071,1.00030382501842,92.6971829764212,68.5555541943221,100.28634061812,85.1635253272932,26.9585760328103,74.0272450216988,NA,10.09200103416
187,0.967949404475677,1.01900674758368,112.295699526047,44.5124372141136,63.0678079220898,50.8801449333225,41.8170068279919,77.9281909949433,76.465346784915,19.2008703514749
187,1.02272549593623,0.956178006346013,117.614361465171,87.2649388456805,91.0179790948698,82.7160057730376,17.9555811072892,64.0288960780759,130.364353076913,4.19146683634645
187,0.984452355919032,1.01468135291124,85.0417045849608,66.1663159527184,79.1458438626989,99.3827287124966,36.9143856409501,57.0857134056752,68.4408868589871,17.5260749519799
187,0.983909787280523,1.01770741271505,78.716196758398,129.002611171226,120.399140209773,91.9165869442854,19.8998282565359,NA,51.871480859562,14.078216178072
188,0.976292406649149,1.01433146939988,154.219065125382,126.58194917292,95.5549525938732,48.2227090522433,24.6213133487178,16.3396425249124,95.7334946296104,31.2565624439342
190,1.01694597661445,0.959575137130648,122.256448781139,113.536639825309,109.670632436476,50.2736907992957,10.2379400457275,65.1672326967297,77.6406898442736,7.76199125933168
190,1.00441001738707,0.980352869370311,82.6732568616241,78.9157039774211,86.5404971367384,92.5733172240178,24.3097480557232,64.3926628352497,109.718923498786,7.51386211857916
190,1.01277982701327,1.0001918090096,53.5124541726646,179.645620911083,129.642435280114,113.738054402363,0,NA,60.2157815288272,15.2889967780504
191,0.993154919030099,0.987213077198145,60.3825039113628,71.9035745249583,87.6260718427305,94.9489040558216,25.3263911859344,73.878379271578,81.366495488008,10.6123573405634
192,0.965021037784143,0.993485408502515,65.0294931256701,85.4486516770011,95.2384890918546,83.060621375157,26.9367791875589,80.734314077664,101.414027799754,13.6303280838207
192,1.0025890547132,0.986243529693712,52.4186440146309,93.1645319724471,96.0800267598525,119.725935589782,19.7209526681079,66.2353674831164,NA,8.88933705883395
193,0.98256783256014,1.02712496715844,162.393676052306,47.139420042266,72.0469735539941,19.024692741656,41.0039797840305,57.7472720126947,55.0830181518835,17.9153522254718
193,0.992313602020716,0.994948472850152,125.138751593214,79.732974458185,76.5596333836358,59.8662705125777,29.8375853783412,49.2482197005094,103.080765127389,19.8579671190974
194,0.970252307829797,1.01281805243479,135.808085681448,37.5550732827595,72.7924883716915,31.2042921509906,35.1230440055733,91.1491729980664,92.0788922319221,12.5636460990102
194,0.987803018398648,0.986497021508947,44.2144207990345,90.0008815392367,103.747476079983,108.891738798255,27.0672455360862,63.934954762889,83.6861429100863,17.9457849387593
194,1.00020582095102,0.97866771344246,76.2348565591979,97.4823739340164,81.2379909251136,75.4325295242965,21.8015325124649,58.9810833280221,NA,9.73057763623994
195,1.01201154530277,0.984630194183004,77.5457768913358,110.489126664124,104.647303852495,108.771381949911,16.7159130653077,42.981956372253,88.807834998293,13.0307526318608
195,0.995831465183112,0.989833529221801,46.0287249577149,83.780650405158,98.4455190720655,112.730686310384,23.1017828180635,77.0583666036719,93.7849686800172,8.78464971488166
195,1.03107767333957,0.967433068243021,125.65672781137,125.343945609754,110.957108123227,78.460081033939,14.1782100307726,NA,99.5367232473599,8.84698195265249
195,0.979312728754647,1.0024999124472,114.001551105395,54.1729016423379,66.1076377362739,77.3711983854111,34.4786374605417,76.3300457534964,94.7081375458406,19.1523747371068
196,0.977763516290108,1.00915460715329,88.4178934368619,87.5548666293695,86.5661226267756,96.1571323105767,29.3691558859211,59.9298306674709,79.3222730995035,17.6642224910165
196,0.985709485160296,1.00436575564933,64.1041664771701,108.240319496743,105.545206044006,110.138345266448,20.6813624347435,49.9173725510283,63.5879072218351,11.1848203621749
197,0.995955411957084,0.983115316417757,93.7893451855799,26.8119098666052,76.3840697340329,82.462639839649,33.1054789318821,95.3126879817956,110.968356606458,7.89182352331524
197,1.01053780333246,0.980608299349021,128.339703661257,132.911138279944,104.692464159437,71.2102422977397,13.1733415309982,40.0985137835399,84.1639981342367,10.9501346028239
198,0.973166881227299,1.00310116924201,133.687798455329,124.392567610351,100.844223336816,57.071983988788,24.5254104870602,34.4420421959296,69.9602634793471,29.0718996508384
198,1.00746690957938,0.969901295121818,149.8700022239,53.4319731145765,57.3400855283538,41.0064012254683,33.4742136094821,67.6595015832715,141.474098185147,10.1362844641642
199,1.00283727376113,0.971637772176968,44.6898629520104,105.468929219539,78.9262021234104,103.105114579884,21.5824891697259,47.2351811702099,138.139659366225,10.0246856886926
199,1.03154758366227,0.948980391021872,70.9707063978241,117.277433567765,93.4765111762567,96.0805089537259,9.70692100080914,49.6084822285246,137.339545053765,5.19155417335656
200,0.965696651245925,1.01477260901272,150.576442977835,43.0664944364407,59.7606951114987,49.7647452360727,42.5934048526675,73.8331683375161,83.3859652404316,27.227920676565
201,0.991776434277348,0.980277590707196,143.99125263461,48.7856451555094,34.1114779173867,38.0805640574559,34.90243455524,66.262987798194,144.652493178182,11.8600033312891
202,0.997468156824306,0.971353922409023,93.2982788458691,126.602573602138,107.293915512296,89.5549842451105,15.8020478759557,37.9421601283105,93.3591833201031,17.6175216571109
203,1.01449836971989,0.98384608056009,80.7046551802229,138.722226835706,119.955775253364,82.0320887309628,10.3827709668789,28.7930019991916,73.655971058743,9.21912308839674
203,0.997758764182804,0.974659579388366,61.533761002502,115.303058026846,95.1346908220198,98.6473123210694,18.4938245089697,NA,111.198559462759,9.40684036849897
203,0.993665422930656,0.983137086382696,93.4057273487588,101.877535202946,112.488194304098,69.1192555636846,18.3598679316967,62.3725477095615,80.2240804644486,13.969236624676
204,1.00214247158141,0.972693220524061,114.40583132786,115.872435662863,103.357620627471,68.2253122863677,14.0693404363467,56.7032773744259,98.7850372915542,11.5771982450637
204,0.966815858707553,1.01124034296723,143.329742941783,92.2673046826669,87.773415068209,45.7402710090378,28.8411152241849,70.7666624442389,67.7804749245745,20.3584067681204
205,1.00551646324856,0.977386002620721,142.95744985042,192.443067134909,140.365489235425,20.6005985909996,2.23558032301716,9.80001879644879,76.2138608657206,8.7885172938215
205,0.98464101128878,0.98917979011683,68.4729750125386,112.238952701652,83.2293716337116,72.646689592053,24.5819997537342,48.9666154664644,106.94642323544,18.8040087884851
206,0.993796920219466,0.973435311187356,150.387972197266,120.910757785054,102.10253153564,47.4741361865266,17.1020615344857,45.3174321693443,102.419249778839,14.1155380265585
206,0.984447488582129,0.977166630863208,127.670444378124,112.817637427961,76.5786097828822,56.6283649198258,27.0642910410505,39.1090572168367,108.908840254152,15.241592457126
209,0.999423006758071,0.983135697226496,156.489870688711,80.8289719330981,92.8620569430428,41.3349493596496,21.7081698845813,60.5498869279488,99.267649339454,9.3583925791102
209,1.00156806819152,0.97637297550834,108.990407291284,108.496763841478,84.6838239249737,79.4099398969947,22.1744857789536,36.6761924091056,110.022035844741,8.60262587594749
209,1.02546262832107,0.960236581923325,138.559178423115,155.83411305882,110.580194892334,47.4513072562738,7.70818261068205,19.3623785912668,101.560022400551,6.99297471259635
210,1.0057827010911,0.963569232611987,11.1157237503089,144.42786722629,119.567291292158,149.561049189908,12.1327227006342,33.3823567666863,98.5416522894055,13.9002932253511
210,0.98684952103635,0.983689137716402,91.8339325974928,26.9090162078784,52.3097324922958,78.8732145169366,36.1386499039168,89.9907014007291,139.33973697882,9.80853960742488
210,0.978956308474912,0.987418913497295,0,75.1780388581476,71.89772708208,154.208912845825,26.7982349960161,64.412781411936,113.680392047143,20.8372352351094
211,0.98496219546458,0.983354526042435,114.444820443648,80.8544323966372,78.9718213299521,84.6763126191117,25.4129338672879,70.7681613493223,113.232771966929,14.0888720563719
211,0.991230759429608,0.982893293761094,78.8531253853737,125.339668498444,102.591502536234,108.905466632787,16.3463899665211,42.9716365660655,103.755312012491,17.6930566943646
211,0.988691299452811,1.00533363702693,85.695419215582,83.5828218075612,79.461991711058,81.9829791051116,28.3506333265529,NA,84.576794658928,25.9239679632658
211,0.954238000484372,0.98663294267123,106.097606271229,86.2064422679894,76.3290186878824,98.1170203373292,30.7521879363189,69.3213564000777,109.604212696354,30.5197852805083
212,1.02253867907997,0.954938319769928,89.9767780407639,83.6705490483234,74.1474204422408,80.605373230454,23.8895990786628,56.7998600496348,NA,7.63534274325072
212,1.01853692097056,0.967665505020844,117.072932905765,99.6909667152907,81.3749935130404,86.9291387522696,16.7499987891272,48.6867006304956,123.151934337017,9.18976484276332
213,0.976915767373643,0.984633856118203,79.1756314237067,103.893583300824,94.0376700383543,98.4295627210347,25.5244305954077,53.8521637969112,NA,12.886925317497
213,0.995247559200775,0.997534788595,97.9733022898595,109.882801333012,99.273626542323,79.3828320159601,26.4926116900938,35.1897824869614,58.5356723527163,21.129562001646
214,1.00242418736538,0.983809903196075,24.3837155966101,97.4719595275344,76.711326015838,115.834582055511,29.3349994100807,NA,87.6733345799857,16.9635273616565
214,0.989291271244811,0.966090003221717,88.0334092389161,34.570765018509,25.4704277158966,79.9969201391189,37.9592440151519,80.3399551225891,169.664870824925,10.7937396117328
214,1.01875248454804,0.976955299699326,115.58037992309,102.392117727577,85.6438408607762,68.6926404921763,18.4768084905828,43.3414961499593,112.446801103407,8.17987978978214
215,1.00074552848102,0.972422367631953,70.6872715195646,108.147064343589,100.776562657988,88.6243666802281,20.6649896672439,46.8101593232217,108.986979591763,13.3212821180617
215,0.99999272975574,0.953039628754539,115.903830722052,82.8281713711697,84.5288638901314,70.6269493688024,16.390469088467,75.359939445192,140.261789978143,7.50519828794079
216,0.994482178860811,0.99135549609888,102.972048781805,91.6117211255554,84.3581598177025,76.2038021020508,26.0129663240263,53.3884289085276,71.037560846166,20.7796853642382
216,0.982211340380387,0.987695177991304,95.7101809935427,83.2075276317148,98.1967851567023,79.7192037939007,22.3818191758131,75.2419695645652,81.2764259833334,15.6389216397766
217,0.981752284009683,0.993834881589265,126.836988170172,73.1638466411046,77.7500928937392,50.273573631175,28.2447994763058,68.8896515147258,85.6206975568931,15.3669574162631
217,0.997854504293557,0.968941757392006,130.889703178573,75.3971080855864,55.3577845069965,54.8836516762706,28.0486635237278,64.7469353947658,135.244802345499,14.8990227841977
218,0.997290944399602,0.968969393821986,148.81615183341,67.5989393281583,56.854849164636,45.3939581713274,30.2706418275199,61.0340039333805,139.463894452581,14.4130192886752
218,0.991211402205395,0.964509296129613,37.794038008433,80.0340370530895,79.8149104570492,126.047991193518,21.5672819756777,NA,113.726937258851,13.9968737549305
218,0.969090949089289,0.980546267447148,86.1227042153562,38.1739415320641,44.085676821418,112.554079763732,40.9202214587754,89.8422024508795,127.163498389179,13.6771661543241
221,0.970889709267049,0.98371016324711,117.761074963954,90.3170256047921,89.1621300971811,67.0430961728877,27.2741576120042,56.0364806705719,103.421116981789,22.9327877268234
222,0.969426393971432,0.994060702815206,118.518574939458,69.7047710845744,53.5443964795892,49.5668937782922,42.7561295069695,40.9656446001767,104.07294012944,41.6363187146415
222,0.980996894889164,0.986503332130728,82.6290276349469,81.384555423098,79.4238774835324,109.209498855393,29.0671800623712,58.8578792651626,NA,21.6292285812574
222,0.989507450305873,0.984849033764197,135.033679363719,105.466582387017,112.039049790823,64.2837075525533,21.2202508207851,54.6161078928292,68.1082954155949,12.3258405536342
223,1.00286031624293,0.969540689449786,67.7518206426779,122.933403987702,105.845448827186,101.684414166094,16.3701746252829,NA,97.7206605199621,11.9753775102643
224,0.991076795080599,0.987398084131901,101.37600738898,124.776380891144,119.632507350101,79.0972014838741,16.7036000683582,43.5323115640057,58.0484179598001,16.3721145761803
224,0.988701824310064,0.981499184217475,123.246696543342,59.9018010622763,38.191937445765,62.5863363762688,32.7132962875747,69.1394520985383,138.303240439559,18.3087399710749
224,0.99236261966217,0.985752724854838,117.631722407002,118.281059526969,87.2191853938187,77.7861121915336,28.1058496590932,16.7569774544976,70.6826393001309,30.6754374666879
225,1.00388596253604,0.947311555291623,77.8407259529553,72.4231669368641,53.0074553092687,92.1934819892604,30.7402102682403,59.9771684848829,154.104877528065,10.9539545047284
226,0.981562123179836,0.975763594494576,159.799826351702,110.498187907965,108.520443071485,49.0243180925914,20.2042379356364,NA,NA,18.3051777872991
227,0.988923656653546,0.974270312849593,59.0510941983441,131.352322166913,117.238340856,123.008958671976,13.413587277375,46.3555802375511,89.9537037977346,18.8481132092021
227,0.981774786597219,0.956879928385807,124.256917254007,131.601728493838,109.152072958574,68.3700136127274,16.3194878100858,41.0996731306857,120.325447612555,20.5767001412761
227,1.00914454080254,0.963481718925024,61.7760167492648,125.174543617284,95.4112996662758,111.034094505688,16.2242693425928,40.8170090370662,96.0595366537623,13.2096735590162
228,0.983141404394891,0.965130389098233,106.587833685288,95.0381958001085,80.235897919795,66.8695559245697,23.927326348675,66.7187802850129,115.580039223566,21.2464787182932
228,0.966812339925874,0.985109018582872,62.8217203746323,97.3142871286346,82.2336063915945,100.629300474259,24.2263702225722,63.3622993638453,114.986765718579,29.9770932886604
228,1.00777401792406,0.972297801737144,106.630075007296,81.6348319191815,75.8364764807838,63.3454575149894,26.6860548116755,52.1295171348113,87.1611486273747,14.7416337851237
229,1.00084745764149,0.964665827368887,56.0810357161027,69.7715898840659,67.9015594107929,111.049904596702,29.4568927590421,69.9981529085439,117.49502856768,9.96744833907294
229,1.00834357339734,0.972942824300808,129.322247385222,77.5156490978594,69.5277522738667,61.1871679542593,27.8241735915613,59.2827061870529,105.799656164813,10.3910240385353
230,0.970867875985791,0.986960410636978,102.578526691651,144.648672737854,105.652596469752,54.3177246144894,21.2942782026015,24.2103134286779,85.7987751271829,32.5145663029408
230,1.01391113442563,0.952408565974282,68.8995055606921,158.507106333297,103.438010722244,94.4115511165742,11.9733415701209,18.3730944210485,106.646996160363,18.3481401351803
233,0.99934537244014,0.969732649885874,61.3910385942707,128.989432687377,104.48696825861,98.6539195100541,17.9454955252544,43.499814548908,73.3253642754679,15.3437214654305
234,1.01600412758051,0.957376854464633,93.3568781859288,117.685661903269,83.7581916362563,75.5452726935637,16.4908411566249,47.9817517362835,118.548514799386,7.29235283396783
235,0.987237372375873,0.973789636843597,142.460253334302,90.8397921343106,80.6360026042352,48.3993789631895,25.8836230786111,43.5367078019735,107.716819672823,20.3111954631055
235,0.995073171495144,0.978209050433716,64.6739023246064,61.8112926457818,51.629122057363,83.0259338092878,32.3076925144465,64.7995500131592,108.076634308032,22.2998500618514
236,0.963700427501846,0.99826472102302,81.7404410548426,145.426550715781,106.975862577063,87.8747722997535,19.2062594455734,33.2106032609718,68.4724555913246,46.0526331705953
236,1.01010487503997,0.947088826712533,105.780448530435,71.0872272482836,56.5342398547761,80.2265678566436,24.6785054587293,70.2452035610756,162.615719859397,9.68732550871173
237,0.996898936579819,0.941750715069618,90.3715947639269,107.279733437637,81.6667137788326,91.061037044773,21.7662712662565,59.0336833297563,159.319753758484,8.61589138674503
238,0.992236927812906,0.948906101766855,54.9086490494429,96.4279387207154,68.0376088456604,121.799980796476,26.9077147226531,49.4312927409544,145.783316161322,24.4868043800347
239,0.978296215057352,0.979805755912132,81.4076076605833,126.820287412219,96.0013144650516,108.711257426286,23.0697305691023,23.42243835232,84.3153938056664,41.019852767017
239,0.989291936818057,0.966901974856181,155.645984132143,80.8273864454937,53.7074836166696,59.4740887123537,32.0158631776213,NA,147.146233160492,24.4213276632041
240,0.98830402905455,0.936238847677847,107.992583272807,70.3618061298475,56.8962639630874,63.0725682567092,27.9868403268066,67.2346592954054,189.321226902943,15.3197773570104
240,0.997303552017328,0.983868674594713,67.7746740744045,58.1255109494762,58.308902147634,97.0787768969859,34.8277262377087,57.7231973594897,70.5444402098396,10.7353299935563
241,0.964337454500103,0.962816607194009,136.422997389125,59.5900418017739,59.8894482912893,55.1614824957016,34.995572007833,85.9701391196342,136.193939954719,20.6874934537415
241,1.0181676025933,0.942190479877365,111.78873258474,137.834231045736,82.9890168118711,78.4877318624457,13.5465239126216,30.3228210721331,126.836462459841,8.75088155261292
242,0.988850993065282,0.969081382511609,130.899429606566,110.940119549462,99.619081218745,53.8670298612205,17.7417097607499,56.3384405619012,NA,22.728806288038
242,0.997119700145856,0.971437729880296,97.084819968084,93.3631577892716,79.3510356301637,69.9261937831817,25.7854566750556,54.9695615170018,111.361841235017,11.7510868092728
242,0.972608035108874,0.98197370420502,102.482317161924,57.2621703141744,46.8764982486909,90.5306878575025,37.5203646903818,63.8270913395763,104.244416609435,38.0116692943021
243,0.982417037056276,0.967340325855966,122.7342651354,112.549568521788,78.3174754021259,46.6253441991368,25.59967209801,38.6073634047583,118.985510979105,24.2115355325759
243,1.01045459219519,0.951146278828919,86.9155281499254,93.9396395258267,62.2468603970038,89.6276611596834,22.2752769511204,53.4513625982233,141.378962187064,17.8296569549172
244,1.01795363323636,0.951809583296045,114.334297023325,54.2626533390941,42.4543610522591,57.9728120071853,29.3752410176253,68.7277578592613,138.643738027216,8.56635452029572
247,0.994491295891938,0.958374942951353,81.847243646407,130.656547481027,88.3651424488731,89.8067030320789,15.9663919872526,NA,131.785773818109,23.6914869620386
248,0.977160182490598,0.987935002638523,110.333018157742,61.4745090594748,48.8718099171488,62.1990598752535,41.7207549739106,51.0463138316993,99.7844573906567,42.9774573242241
249,0.984445012805876,0.970104633985288,95.9347925154319,110.791105837797,64.3827146127957,87.7585025949229,26.3561468291408,36.145737958569,140.476412922702,31.3047083409383
249,0.982778107137557,0.978160694450558,138.938732122795,31.7614221377794,11.3696237336876,58.6265546017272,46.5713802593834,56.5595335613306,150.005707790015,21.1345314302949
250,0.993116624909291,0.97614864259174,95.3562707218865,78.8681241259778,28.8781949312573,72.8234548440984,37.4484293559576,43.5676885601414,128.290977919367,24.77339728566
250,1.00054693880868,0.951242190496136,83.7615667469177,27.1144313246004,26.5453198246587,71.7868640637309,38.5524757254405,74.221096950426,155.902252293901,12.7659960424027
251,0.954325848359064,0.997174942445818,152.226360580053,145.621527929223,88.0749151290122,28.5209677333704,22.3218954740783,NA,93.8756294045497,37.3116625649132
252,1.01441840177959,0.939296185827222,45.9463348589195,104.820739064404,64.2158280033782,118.248824306342,25.4737567284346,40.1077429003384,146.430711030795,11.5799683840787
254,1.00892229814895,0.947908494909641,113.323273728133,152.400125494017,110.309508101393,75.1849370814309,7.28600392701394,33.1021682804354,94.4216574981518,15.8940987716163
255,0.975592750332137,0.956184294372888,75.5627877237396,91.6374618020867,60.3340603699527,95.530007851946,27.7569678303589,48.9626511081021,155.021345292423,28.8681236119975
256,0.994084537959388,0.95141110228419,118.788576659098,83.2287555484769,67.6164131181962,67.3436541026455,25.8240478736634,71.7702754375649,141.715347051598,12.8016885828895
256,0.966080536600432,0.96716714850673,132.59381508032,134.849760108012,91.9509750243643,49.6860348139739,19.2742179313583,NA,93.8827714868627,29.4047047780393
257,0.974094975758328,0.95310979560555,70.690848467286,124.44497565008,75.7996030879255,92.5384930599449,22.2458339549915,41.5336777878015,133.269362958723,28.4502203430934
257,0.973399701204339,0.95749334430032,116.391220006179,93.4426829030743,76.7881415530094,80.3915497875828,22.5410338732301,NA,142.094582229533,27.0190875902565
257,0.990639180130215,0.967692577176743,77.165831481139,90.1905576528712,58.5566340247171,106.623947571048,28.9829539126666,50.6087327517894,123.377494628012,28.8427650563409
258,1.0052215674233,0.947997119172015,102.550072338891,68.4212475095848,44.5441219892953,55.1634041072235,33.248415309807,49.4273567274952,155.429689623775,13.0331368054309
258,0.981824949957432,0.966541801617905,123.552967943849,91.818501356635,61.486783508384,68.2810166768517,32.1594802595706,48.5647386185233,109.197476580494,29.460508227177
258,0.981771718841162,0.962977009725241,98.158283100519,30.8822681013558,30.4988906671496,61.1213626904772,42.0702489358641,79.7399089563383,141.883512493385,32.7577434899743
260,0.957199756007914,0.976649108530646,119.350919839743,95.2931901108135,83.9305615528788,62.4122859319568,27.8874471850495,70.3226754272344,93.2684200833775,55.0297007845859
260,0.990024464316521,0.953359294175404,31.1439194713599,87.6925075864162,60.2565164996438,118.234201165426,29.7616645824042,57.939860626878,131.198923964069,23.5094910161328
261,1.01259648225585,0.935582018445357,155.860289326311,78.385527009912,54.6643341152504,56.6598808762648,28.2691902919436,50.0504324784276,165.325667903324,8.20045144225188
262,0.994281518688885,0.952486167484157,138.534934350736,69.7524994610451,46.6423252492284,60.5299763667711,30.4737096309246,59.1476099336339,157.331698441719,19.8357724622368
263,0.982363723524633,0.966342271232312,120.146031930645,159.620809556364,93.1481788882233,67.4840472447229,18.6874404007932,9.48955157642003,120.394013193323,40.4867817743643
265,0.97426273779551,0.978584620233526,104.76833259333,143.336718240038,101.180925288596,68.1074575897941,18.0062531980679,17.5415502046138,88.8670016266107,61.0628439008046
266,0.986802844097344,0.965095814539328,126.886324256633,79.6255384151399,58.1301884602755,88.13327670148,26.5235768460326,63.802965056934,122.935355417208,24.7046492733959
266,0.998926978286659,0.952433124782008,59.7861056419217,82.7059388216772,47.3294444692892,90.7043382811906,29.2334922860852,52.761134080318,155.786731379872,19.1784894681579
269,1.00601039966913,0.93855977713319,127.877416025947,111.728451159752,56.3233311495475,50.7563608125518,19.9714536980979,40.7608447658934,131.759903899594,15.2185922089434
271,1.01269259682939,0.952514631083126,54.0498425741665,54.484585353513,40.4485926907122,126.945917132679,34.8290381970226,NA,117.06400287172,13.1709032679884
271,0.991621525595632,0.963633408894469,131.63609655804,97.7925696824551,78.6185448218741,57.9687129086634,24.751108654836,45.8105160405744,98.5683386790311,39.3551605534097
272,0.985425899545088,0.956311009408829,136.126881087526,110.231127340197,67.1576769781386,46.8117003850351,24.7548969366966,35.3922305801482,119.215108814833,32.7488975036054
272,0.980853983901459,0.951197115390792,135.261244770552,128.309799081526,74.831794831386,50.389011842065,20.3042318118989,42.2664651677743,135.899599086663,37.1153037827656
274,1.01914758491367,0.93051029943234,87.9252231406668,126.288273964734,71.6291294518014,84.137905215983,16.1671053845537,38.2079908805683,140.650246483046,15.4685032641444
275,0.989671500230911,0.965635359114427,111.636297499237,60.3518680515751,42.6549083084807,71.1461687765766,37.3377119407047,NA,115.601490984831,33.6260803105317
278,0.978456881058758,0.958068759069263,136.960435634725,112.995816953305,68.4226241793185,31.7656195622311,26.9759693220199,38.072743747914,108.749176274418,41.523449862236
279,1.00587876379878,0.939834007806445,83.3883494473337,165.424391642911,94.6105682453737,101.352871380832,13.2042653358286,1.80671402926635,104.285235469867,29.2081623917533
280,0.980935125748709,0.95777985880591,72.9346413171692,90.416471026812,64.4445551372051,84.9598922613858,29.54063874636,52.8257800757824,110.490956125894,43.1411885679217
285,0.95974587931197,0.976655193711887,91.9040438378226,136.580130026336,88.3477170057664,84.4376005859015,24.6934456823765,NA,77.6194301522564,65.2214059407063
288,0.95996751298821,0.939886310053926,79.4198128814221,90.0065275834015,56.3463213875373,101.034623253888,31.1625352278367,62.7204493938828,160.757152454673,36.1154541355586
289,0.960708218452208,0.97918646405567,95.1659309281152,57.9273890687116,44.5562094590206,77.4993473225222,38.520055648401,NA,89.1137899691459,51.0721144543509
296,0.991560979678697,0.947948205396104,167.578076795464,123.867197388063,84.827075764065,35.9779897227483,19.5580722044606,40.3300273482065,97.2753927081479,32.4649156114777
299,0.963765016978695,0.963232747770588,90.7262664824254,52.2092941787785,23.8017490169578,67.0361111879144,44.0256804827345,57.9033353795257,131.661678981819,69.525114046453
300,0.981877965986233,0.954065511077281,124.963522170663,59.6929247673218,19.5295152495942,66.8139172194323,39.1256200665552,49.8783949499686,139.117119085788,48.6646050304899
302,1.00821067806959,0.923297850213463,87.9751608525324,149.613611763489,54.6334699882423,78.8306014494617,21.8428935601394,0,147.25151398863,31.2971785323208
302,0.98989543006717,0.924758791631408,82.8579139508967,139.26099271014,78.1393538541952,98.3336264339766,17.8412962635303,26.9497188758577,138.103555369272,34.8040169875264
306,0.971041358282449,0.947638161520193,138.649323996594,154.892291004994,102.429320422617,44.3364392150274,17.611116904348,24.5374129593839,84.2877576555322,59.7446930483178
310,0.992201727213098,0.930720878347513,116.950595806524,109.540825625693,49.3176903747467,91.8514109537833,26.3788315143522,NA,145.447335896703,38.7684104549822
315,1.00236568716966,0.918681275792111,138.081436466712,122.521417223133,56.7800880192179,33.6497097985825,22.020218508017,26.1906942683978,162.241602918083,27.6379123087993
316,0.977874041880477,0.933772985861301,37.7716190412078,108.718285514354,56.4439570209391,125.54157430638,26.7165406243577,47.9018562979633,137.879122511914,58.3995980489159
325,0.982048571326088,0.915920155359744,64.7219834205151,103.320761769649,51.9410080874014,106.53736614829,26.7915699427742,43.7961675303762,159.012836835301,40.7699630157699
331,0.994456102303211,0.926569665005486,100.800054539274,62.9830499152556,0,58.7270616910706,39.3232125595721,41.1411483911999,179.866542699708,49.4301486911316
341,0.994960421644046,0.911297608890571,121.132939253336,101.097659692183,43.9960667069181,70.850453665229,25.3128071939193,43.3449958413064,152.084685153664,37.2243737580049
342,0.983025927126458,0.92868196487193,100.806092603572,73.1021537174233,23.7027188437105,80.6220478811175,34.9531008751617,43.3317199733132,154.806147844747,70.7244982432149
344,0.969364636826265,0.938952397484618,104.158198844484,112.947080665285,22.7489217868713,65.1319895651981,38.1100526215166,13.0299994742441,165.859877405359,148.413159102577
347,0.992706866632283,0.918517226333328,89.0143364563393,37.5088837949352,6.4265886821775,99.0908341622372,39.0084699212201,62.3202247764919,176.861432714775,37.2475470107962
